entity_id,state,last_changed,state_imputed,15_point_ema
sensor.co2_mh_z19_co2_value,455,2025-02-20 22:00:00+00:00,False,455
sensor.co2_mh_z19_co2_value,474,2025-02-20 22:00:46.161000+00:00,False,457
sensor.co2_mh_z19_co2_value,497,2025-02-20 22:01:46.157000+00:00,False,462
sensor.co2_mh_z19_co2_value,485,2025-02-20 22:02:46.161000+00:00,False,465
sensor.co2_mh_z19_co2_value,473,2025-02-20 22:03:46.163000+00:00,False,466
sensor.co2_mh_z19_co2_value,502,2025-02-20 22:04:46.159000+00:00,False,471
sensor.co2_mh_z19_co2_value,506,2025-02-20 22:05:46.156000+00:00,False,475
sensor.co2_mh_z19_co2_value,485,2025-02-20 22:06:46.155000+00:00,False,476
sensor.co2_mh_z19_co2_value,506,2025-02-20 22:07:46.164000+00:00,False,480
sensor.co2_mh_z19_co2_value,509,2025-02-20 22:08:46.161000+00:00,False,484
sensor.co2_mh_z19_co2_value,522,2025-02-20 22:09:46.157000+00:00,False,488
sensor.co2_mh_z19_co2_value,516,2025-02-20 22:10:46.160000+00:00,False,492
sensor.co2_mh_z19_co2_value,568,2025-02-20 22:11:46.163000+00:00,False,501
sensor.co2_mh_z19_co2_value,597,2025-02-20 22:12:46.161000+00:00,False,513
sensor.co2_mh_z19_co2_value,605,2025-02-20 22:13:46.158000+00:00,False,525
sensor.co2_mh_z19_co2_value,645,2025-02-20 22:14:46.160000+00:00,False,540
sensor.co2_mh_z19_co2_value,644,2025-02-20 22:15:46.160000+00:00,False,553
sensor.co2_mh_z19_co2_value,642,2025-02-20 22:16:46.449000+00:00,False,564
sensor.co2_mh_z19_co2_value,646,2025-02-20 22:17:46.394000+00:00,False,574
sensor.co2_mh_z19_co2_value,657,2025-02-20 22:18:46.159000+00:00,False,585
sensor.co2_mh_z19_co2_value,650,2025-02-20 22:19:46.174000+00:00,False,593
sensor.co2_mh_z19_co2_value,648,2025-02-20 22:20:46.162000+00:00,False,600
sensor.co2_mh_z19_co2_value,649,2025-02-20 22:21:46.169000+00:00,False,606
sensor.co2_mh_z19_co2_value,654,2025-02-20 22:22:46.163000+00:00,False,612
sensor.co2_mh_z19_co2_value,660,2025-02-20 22:23:46.167000+00:00,False,618
sensor.co2_mh_z19_co2_value,691,2025-02-20 22:24:46.172000+00:00,False,627
sensor.co2_mh_z19_co2_value,714,2025-02-20 22:25:46.163000+00:00,False,638
sensor.co2_mh_z19_co2_value,711,2025-02-20 22:26:46.174000+00:00,False,647
sensor.co2_mh_z19_co2_value,738,2025-02-20 22:27:46.168000+00:00,False,658
sensor.co2_mh_z19_co2_value,779,2025-02-20 22:28:46.175000+00:00,False,673
sensor.co2_mh_z19_co2_value,790,2025-02-20 22:29:46.163000+00:00,False,688
sensor.co2_mh_z19_co2_value,777,2025-02-20 22:30:46.170000+00:00,False,699
sensor.co2_mh_z19_co2_value,768,2025-02-20 22:31:46.169000+00:00,False,708
sensor.co2_mh_z19_co2_value,777,2025-02-20 22:32:46.168000+00:00,False,716
sensor.co2_mh_z19_co2_value,782,2025-02-20 22:33:46.175000+00:00,False,725
sensor.co2_mh_z19_co2_value,766,2025-02-20 22:34:46.167000+00:00,False,730
sensor.co2_mh_z19_co2_value,763,2025-02-20 22:35:46.169000+00:00,False,734
sensor.co2_mh_z19_co2_value,788,2025-02-20 22:36:46.172000+00:00,False,741
sensor.co2_mh_z19_co2_value,767,2025-02-20 22:37:46.172000+00:00,False,744
sensor.co2_mh_z19_co2_value,770,2025-02-20 22:38:46.170000+00:00,False,747
sensor.co2_mh_z19_co2_value,824,2025-02-20 22:39:46.176000+00:00,False,757
sensor.co2_mh_z19_co2_value,820,2025-02-20 22:40:46.173000+00:00,False,765
sensor.co2_mh_z19_co2_value,816,2025-02-20 22:41:46.177000+00:00,False,771
sensor.co2_mh_z19_co2_value,821,2025-02-20 22:42:46.173000+00:00,False,777
sensor.co2_mh_z19_co2_value,816,2025-02-20 22:43:46.174000+00:00,False,782
sensor.co2_mh_z19_co2_value,828,2025-02-20 22:44:46.176000+00:00,False,788
sensor.co2_mh_z19_co2_value,824,2025-02-20 22:45:46.179000+00:00,False,792
sensor.co2_mh_z19_co2_value,837,2025-02-20 22:46:46.175000+00:00,False,798
sensor.co2_mh_z19_co2_value,851,2025-02-20 22:47:46.174000+00:00,False,805
sensor.co2_mh_z19_co2_value,855,2025-02-20 22:48:46.176000+00:00,False,811
sensor.co2_mh_z19_co2_value,842,2025-02-20 22:49:46.175000+00:00,False,815
sensor.co2_mh_z19_co2_value,859,2025-02-20 22:50:46.175000+00:00,False,820
sensor.co2_mh_z19_co2_value,872,2025-02-20 22:51:46.181000+00:00,False,827
sensor.co2_mh_z19_co2_value,843,2025-02-20 22:52:46.180000+00:00,False,829
sensor.co2_mh_z19_co2_value,853,2025-02-20 22:53:46.177000+00:00,False,832
sensor.co2_mh_z19_co2_value,855,2025-02-20 22:54:46.176000+00:00,False,835
sensor.co2_mh_z19_co2_value,861,2025-02-20 22:55:46.181000+00:00,False,838
sensor.co2_mh_z19_co2_value,867,2025-02-20 22:56:46.177000+00:00,False,842
sensor.co2_mh_z19_co2_value,878,2025-02-20 22:57:46.175000+00:00,False,846
sensor.co2_mh_z19_co2_value,907,2025-02-20 22:58:46.179000+00:00,False,854
sensor.co2_mh_z19_co2_value,888,2025-02-20 22:59:46.178000+00:00,False,858
sensor.co2_mh_z19_co2_value,884,2025-02-20 23:00:46.196000+00:00,False,861
sensor.co2_mh_z19_co2_value,899,2025-02-20 23:01:46.183000+00:00,False,866
sensor.co2_mh_z19_co2_value,913,2025-02-20 23:02:46.181000+00:00,False,872
sensor.co2_mh_z19_co2_value,894,2025-02-20 23:03:46.179000+00:00,False,875
sensor.co2_mh_z19_co2_value,880,2025-02-20 23:04:46.180000+00:00,False,875
sensor.co2_mh_z19_co2_value,897,2025-02-20 23:05:46.177000+00:00,False,878
sensor.co2_mh_z19_co2_value,925,2025-02-20 23:06:46.177000+00:00,False,884
sensor.co2_mh_z19_co2_value,912,2025-02-20 23:07:46.196000+00:00,False,887
sensor.co2_mh_z19_co2_value,902,2025-02-20 23:08:46.188000+00:00,False,889
sensor.co2_mh_z19_co2_value,922,2025-02-20 23:09:46.182000+00:00,False,893
sensor.co2_mh_z19_co2_value,917,2025-02-20 23:10:46.179000+00:00,False,896
sensor.co2_mh_z19_co2_value,900,2025-02-20 23:11:46.183000+00:00,False,897
sensor.co2_mh_z19_co2_value,916,2025-02-20 23:12:46.181000+00:00,False,899
sensor.co2_mh_z19_co2_value,958,2025-02-20 23:13:46.178000+00:00,False,907
sensor.co2_mh_z19_co2_value,991,2025-02-20 23:14:46.182000+00:00,False,917
sensor.co2_mh_z19_co2_value,1014,2025-02-20 23:15:46.181000+00:00,False,929
sensor.co2_mh_z19_co2_value,1010,2025-02-20 23:16:46.182000+00:00,False,939
sensor.co2_mh_z19_co2_value,992,2025-02-20 23:17:46.184000+00:00,False,946
sensor.co2_mh_z19_co2_value,997,2025-02-20 23:18:46.186000+00:00,False,952
sensor.co2_mh_z19_co2_value,992,2025-02-20 23:19:46.183000+00:00,False,957
sensor.co2_mh_z19_co2_value,996,2025-02-20 23:20:46.182000+00:00,False,962
sensor.co2_mh_z19_co2_value,995,2025-02-20 23:22:46.199000+00:00,False,966
sensor.co2_mh_z19_co2_value,1011,2025-02-20 23:23:46.187000+00:00,False,972
sensor.co2_mh_z19_co2_value,1010,2025-02-20 23:24:46.182000+00:00,False,977
sensor.co2_mh_z19_co2_value,1023,2025-02-20 23:25:46.188000+00:00,False,982
sensor.co2_mh_z19_co2_value,1021,2025-02-20 23:26:46.184000+00:00,False,987
sensor.co2_mh_z19_co2_value,996,2025-02-20 23:27:46.181000+00:00,False,988
sensor.co2_mh_z19_co2_value,1045,2025-02-20 23:28:46.180000+00:00,False,995
sensor.co2_mh_z19_co2_value,1037,2025-02-20 23:29:46.182000+00:00,False,1001
sensor.co2_mh_z19_co2_value,994,2025-02-20 23:30:46.182000+00:00,False,1000
sensor.co2_mh_z19_co2_value,991,2025-02-20 23:31:46.178000+00:00,False,999
sensor.co2_mh_z19_co2_value,1010,2025-02-20 23:32:46.179000+00:00,False,1000
sensor.co2_mh_z19_co2_value,1032,2025-02-20 23:33:46.179000+00:00,False,1004
sensor.co2_mh_z19_co2_value,1037,2025-02-20 23:34:46.182000+00:00,False,1008
sensor.co2_mh_z19_co2_value,1033,2025-02-20 23:35:46.182000+00:00,False,1011
sensor.co2_mh_z19_co2_value,1037,2025-02-20 23:36:46.193000+00:00,False,1015
sensor.co2_mh_z19_co2_value,1029,2025-02-20 23:37:46.181000+00:00,False,1016
sensor.co2_mh_z19_co2_value,1031,2025-02-20 23:38:46.184000+00:00,False,1018
sensor.co2_mh_z19_co2_value,1038,2025-02-20 23:39:46.182000+00:00,False,1021
sensor.co2_mh_z19_co2_value,1032,2025-02-20 23:40:46.184000+00:00,False,1022
sensor.co2_mh_z19_co2_value,1044,2025-02-20 23:41:46.182000+00:00,False,1025
sensor.co2_mh_z19_co2_value,1052,2025-02-20 23:42:46.196000+00:00,False,1028
sensor.co2_mh_z19_co2_value,1043,2025-02-20 23:43:46.195000+00:00,False,1030
sensor.co2_mh_z19_co2_value,1034,2025-02-20 23:44:46.184000+00:00,False,1031
sensor.co2_mh_z19_co2_value,1035,2025-02-20 23:45:46.184000+00:00,False,1031
sensor.co2_mh_z19_co2_value,1281,2025-02-20 23:46:46.182000+00:00,False,1062
sensor.co2_mh_z19_co2_value,1302,2025-02-20 23:47:46.194000+00:00,False,1092
sensor.co2_mh_z19_co2_value,1291,2025-02-20 23:48:46.183000+00:00,False,1117
sensor.co2_mh_z19_co2_value,1280,2025-02-20 23:49:46.183000+00:00,False,1137
sensor.co2_mh_z19_co2_value,1284,2025-02-20 23:50:46.185000+00:00,False,1156
sensor.co2_mh_z19_co2_value,1283,2025-02-20 23:51:46.183000+00:00,False,1172
sensor.co2_mh_z19_co2_value,1298,2025-02-20 23:52:46.192000+00:00,False,1187
sensor.co2_mh_z19_co2_value,1309,2025-02-20 23:53:46.183000+00:00,False,1203
sensor.co2_mh_z19_co2_value,1277,2025-02-20 23:54:46.183000+00:00,False,1212
sensor.co2_mh_z19_co2_value,1313,2025-02-20 23:55:46.187000+00:00,False,1225
sensor.co2_mh_z19_co2_value,1275,2025-02-20 23:56:46.186000+00:00,False,1231
sensor.co2_mh_z19_co2_value,1274,2025-02-20 23:57:46.187000+00:00,False,1236
sensor.co2_mh_z19_co2_value,1291,2025-02-20 23:58:46.197000+00:00,False,1243
sensor.co2_mh_z19_co2_value,1290,2025-02-20 23:59:46.205000+00:00,False,1249
sensor.co2_mh_z19_co2_value,1291,2025-02-21 00:00:46.191000+00:00,False,1254
sensor.co2_mh_z19_co2_value,1288,2025-02-21 00:01:46.188000+00:00,False,1258
sensor.co2_mh_z19_co2_value,1291,2025-02-21 00:02:46.190000+00:00,False,1263
sensor.co2_mh_z19_co2_value,1303,2025-02-21 00:03:46.188000+00:00,False,1268
sensor.co2_mh_z19_co2_value,1323,2025-02-21 00:04:46.195000+00:00,False,1275
sensor.co2_mh_z19_co2_value,1302,2025-02-21 00:05:46.191000+00:00,False,1278
sensor.co2_mh_z19_co2_value,1296,2025-02-21 00:06:46.197000+00:00,False,1280
sensor.co2_mh_z19_co2_value,1332,2025-02-21 00:07:46.192000+00:00,False,1287
sensor.co2_mh_z19_co2_value,1356,2025-02-21 00:08:46.198000+00:00,False,1295
sensor.co2_mh_z19_co2_value,1361,2025-02-21 00:09:46.191000+00:00,False,1304
sensor.co2_mh_z19_co2_value,1353,2025-02-21 00:11:46.198000+00:00,False,1310
sensor.co2_mh_z19_co2_value,1349,2025-02-21 00:12:46.193000+00:00,False,1315
sensor.co2_mh_z19_co2_value,1378,2025-02-21 00:13:46.198000+00:00,False,1323
sensor.co2_mh_z19_co2_value,1406,2025-02-21 00:14:46.204000+00:00,False,1333
sensor.co2_mh_z19_co2_value,1380,2025-02-21 00:15:46.197000+00:00,False,1339
sensor.co2_mh_z19_co2_value,1347,2025-02-21 00:16:46.215000+00:00,False,1340
sensor.co2_mh_z19_co2_value,1365,2025-02-21 00:17:46.198000+00:00,False,1343
sensor.co2_mh_z19_co2_value,1357,2025-02-21 00:18:46.192000+00:00,False,1345
sensor.co2_mh_z19_co2_value,1384,2025-02-21 00:19:46.195000+00:00,False,1350
sensor.co2_mh_z19_co2_value,1375,2025-02-21 00:20:46.205000+00:00,False,1353
sensor.co2_mh_z19_co2_value,1377,2025-02-21 00:21:46.193000+00:00,False,1356
sensor.co2_mh_z19_co2_value,1387,2025-02-21 00:22:46.198000+00:00,False,1360
sensor.co2_mh_z19_co2_value,1369,2025-02-21 00:23:46.195000+00:00,False,1361
sensor.co2_mh_z19_co2_value,1377,2025-02-21 00:24:46.197000+00:00,False,1363
sensor.co2_mh_z19_co2_value,1390,2025-02-21 00:25:46.197000+00:00,False,1366
sensor.co2_mh_z19_co2_value,1376,2025-02-21 00:26:46.195000+00:00,False,1368
sensor.co2_mh_z19_co2_value,1400,2025-02-21 00:27:46.196000+00:00,False,1372
sensor.co2_mh_z19_co2_value,1408,2025-02-21 00:28:46.197000+00:00,False,1376
sensor.co2_mh_z19_co2_value,1401,2025-02-21 00:30:46.309000+00:00,False,1379
sensor.co2_mh_z19_co2_value,1407,2025-02-21 00:31:46.197000+00:00,False,1383
sensor.co2_mh_z19_co2_value,1408,2025-02-21 00:32:46.198000+00:00,False,1386
sensor.co2_mh_z19_co2_value,1429,2025-02-21 00:33:46.199000+00:00,False,1391
sensor.co2_mh_z19_co2_value,1424,2025-02-21 00:34:46.208000+00:00,False,1395
sensor.co2_mh_z19_co2_value,1409,2025-02-21 00:35:46.198000+00:00,False,1397
sensor.co2_mh_z19_co2_value,1402,2025-02-21 00:37:46.199000+00:00,False,1398
sensor.co2_mh_z19_co2_value,1417,2025-02-21 00:38:46.201000+00:00,False,1400
sensor.co2_mh_z19_co2_value,1424,2025-02-21 00:39:46.198000+00:00,False,1403
sensor.co2_mh_z19_co2_value,1412,2025-02-21 00:40:46.205000+00:00,False,1404
sensor.co2_mh_z19_co2_value,1418,2025-02-21 00:41:46.282000+00:00,False,1406
sensor.co2_mh_z19_co2_value,1419,2025-02-21 00:42:46.199000+00:00,False,1408
sensor.co2_mh_z19_co2_value,1425,2025-02-21 00:43:46.203000+00:00,False,1410
sensor.co2_mh_z19_co2_value,1438,2025-02-21 00:44:46.206000+00:00,False,1413
sensor.co2_mh_z19_co2_value,1452,2025-02-21 00:45:46.207000+00:00,False,1418
sensor.co2_mh_z19_co2_value,1442,2025-02-21 00:46:46.216000+00:00,False,1421
sensor.co2_mh_z19_co2_value,1435,2025-02-21 00:47:46.201000+00:00,False,1423
sensor.co2_mh_z19_co2_value,1428,2025-02-21 00:48:46.213000+00:00,False,1423
sensor.co2_mh_z19_co2_value,1424,2025-02-21 00:49:46.209000+00:00,False,1424
sensor.co2_mh_z19_co2_value,1421,2025-02-21 00:50:46.205000+00:00,False,1423
sensor.co2_mh_z19_co2_value,1433,2025-02-21 00:52:46.204000+00:00,False,1424
sensor.co2_mh_z19_co2_value,1441,2025-02-21 00:53:46.204000+00:00,False,1427
sensor.co2_mh_z19_co2_value,1449,2025-02-21 00:54:46.210000+00:00,False,1429
sensor.co2_mh_z19_co2_value,1417,2025-02-21 00:55:46.209000+00:00,False,1428
sensor.co2_mh_z19_co2_value,1421,2025-02-21 00:56:46.282000+00:00,False,1427
sensor.co2_mh_z19_co2_value,1411,2025-02-21 00:57:46.206000+00:00,False,1425
sensor.co2_mh_z19_co2_value,1403,2025-02-21 00:58:46.211000+00:00,False,1422
sensor.co2_mh_z19_co2_value,1424,2025-02-21 00:59:46.205000+00:00,False,1422
sensor.co2_mh_z19_co2_value,1399,2025-02-21 01:00:46.209000+00:00,False,1419
sensor.co2_mh_z19_co2_value,1388,2025-02-21 01:01:46.214000+00:00,False,1416
sensor.co2_mh_z19_co2_value,1395,2025-02-21 01:02:46.207000+00:00,False,1413
sensor.co2_mh_z19_co2_value,1399,2025-02-21 01:04:46.205000+00:00,False,1411
sensor.co2_mh_z19_co2_value,1407,2025-02-21 01:05:46.210000+00:00,False,1411
sensor.co2_mh_z19_co2_value,1455,2025-02-21 01:06:46.211000+00:00,False,1416
sensor.co2_mh_z19_co2_value,1471,2025-02-21 01:07:46.210000+00:00,False,1423
sensor.co2_mh_z19_co2_value,1469,2025-02-21 01:08:46.218000+00:00,False,1429
sensor.co2_mh_z19_co2_value,1476,2025-02-21 01:09:46.208000+00:00,False,1435
sensor.co2_mh_z19_co2_value,1471,2025-02-21 01:10:46.207000+00:00,False,1439
sensor.co2_mh_z19_co2_value,1505,2025-02-21 01:11:46.218000+00:00,False,1447
sensor.co2_mh_z19_co2_value,1495,2025-02-21 01:12:46.209000+00:00,False,1453
sensor.co2_mh_z19_co2_value,1455,2025-02-21 01:13:46.209000+00:00,False,1454
sensor.co2_mh_z19_co2_value,1457,2025-02-21 01:14:46.209000+00:00,False,1454
sensor.co2_mh_z19_co2_value,1440,2025-02-21 01:15:46.210000+00:00,False,1452
sensor.co2_mh_z19_co2_value,1435,2025-02-21 01:16:46.217000+00:00,False,1450
sensor.co2_mh_z19_co2_value,1455,2025-02-21 01:17:46.208000+00:00,False,1451
sensor.co2_mh_z19_co2_value,1462,2025-02-21 01:18:46.210000+00:00,False,1452
sensor.co2_mh_z19_co2_value,1427,2025-02-21 01:19:46.212000+00:00,False,1449
sensor.co2_mh_z19_co2_value,1438,2025-02-21 01:20:46.210000+00:00,False,1448
sensor.co2_mh_z19_co2_value,1445,2025-02-21 01:21:46.211000+00:00,False,1447
sensor.co2_mh_z19_co2_value,1460,2025-02-21 01:22:46.210000+00:00,False,1449
sensor.co2_mh_z19_co2_value,1446,2025-02-21 01:23:46.224000+00:00,False,1449
sensor.co2_mh_z19_co2_value,1437,2025-02-21 01:24:46.212000+00:00,False,1447
sensor.co2_mh_z19_co2_value,1471,2025-02-21 01:25:46.213000+00:00,False,1450
sensor.co2_mh_z19_co2_value,1486,2025-02-21 01:26:46.215000+00:00,False,1455
sensor.co2_mh_z19_co2_value,1463,2025-02-21 01:27:46.212000+00:00,False,1456
sensor.co2_mh_z19_co2_value,1442,2025-02-21 01:28:46.215000+00:00,False,1454
sensor.co2_mh_z19_co2_value,1433,2025-02-21 01:29:46.216000+00:00,False,1451
sensor.co2_mh_z19_co2_value,1459,2025-02-21 01:30:46.214000+00:00,False,1452
sensor.co2_mh_z19_co2_value,1437,2025-02-21 01:31:46.228000+00:00,False,1450
sensor.co2_mh_z19_co2_value,1445,2025-02-21 01:32:46.224000+00:00,False,1450
sensor.co2_mh_z19_co2_value,1475,2025-02-21 01:33:46.216000+00:00,False,1453
sensor.co2_mh_z19_co2_value,1464,2025-02-21 01:34:46.215000+00:00,False,1454
sensor.co2_mh_z19_co2_value,1455,2025-02-21 01:35:46.222000+00:00,False,1454
sensor.co2_mh_z19_co2_value,1439,2025-02-21 01:36:46.215000+00:00,False,1452
sensor.co2_mh_z19_co2_value,1445,2025-02-21 01:37:46.216000+00:00,False,1451
sensor.co2_mh_z19_co2_value,1457,2025-02-21 01:38:46.218000+00:00,False,1452
sensor.co2_mh_z19_co2_value,1445,2025-02-21 01:39:46.219000+00:00,False,1451
sensor.co2_mh_z19_co2_value,1440,2025-02-21 01:40:46.216000+00:00,False,1450
sensor.co2_mh_z19_co2_value,1418,2025-02-21 01:41:46.219000+00:00,False,1446
sensor.co2_mh_z19_co2_value,1461,2025-02-21 01:42:46.221000+00:00,False,1448
sensor.co2_mh_z19_co2_value,1448,2025-02-21 01:43:46.221000+00:00,False,1448
sensor.co2_mh_z19_co2_value,1423,2025-02-21 01:44:46.218000+00:00,False,1445
sensor.co2_mh_z19_co2_value,1445,2025-02-21 01:45:46.217000+00:00,False,1445
sensor.co2_mh_z19_co2_value,1451,2025-02-21 01:46:46.225000+00:00,False,1446
sensor.co2_mh_z19_co2_value,1435,2025-02-21 01:47:46.226000+00:00,False,1444
sensor.co2_mh_z19_co2_value,1421,2025-02-21 01:48:46.215000+00:00,False,1441
sensor.co2_mh_z19_co2_value,1417,2025-02-21 01:49:46.218000+00:00,False,1438
sensor.co2_mh_z19_co2_value,1411,2025-02-21 01:50:46.226000+00:00,False,1435
sensor.co2_mh_z19_co2_value,1405,2025-02-21 01:51:46.219000+00:00,False,1431
sensor.co2_mh_z19_co2_value,1430,2025-02-21 01:52:46.229000+00:00,False,1431
sensor.co2_mh_z19_co2_value,1426,2025-02-21 01:53:46.221000+00:00,False,1430
sensor.co2_mh_z19_co2_value,1404,2025-02-21 01:54:46.219000+00:00,False,1427
sensor.co2_mh_z19_co2_value,1409,2025-02-21 01:55:46.225000+00:00,False,1425
sensor.co2_mh_z19_co2_value,1412,2025-02-21 01:56:46.220000+00:00,False,1423
sensor.co2_mh_z19_co2_value,1408,2025-02-21 01:57:46.220000+00:00,False,1421
sensor.co2_mh_z19_co2_value,1390,2025-02-21 01:58:46.220000+00:00,False,1417
sensor.co2_mh_z19_co2_value,1387,2025-02-21 01:59:46.232000+00:00,False,1414
sensor.co2_mh_z19_co2_value,1359,2025-02-21 02:00:46.222000+00:00,False,1407
sensor.co2_mh_z19_co2_value,1356,2025-02-21 02:01:46.224000+00:00,False,1400
sensor.co2_mh_z19_co2_value,1341,2025-02-21 02:02:46.323000+00:00,False,1393
sensor.co2_mh_z19_co2_value,1336,2025-02-21 02:03:46.222000+00:00,False,1386
sensor.co2_mh_z19_co2_value,1351,2025-02-21 02:04:46.222000+00:00,False,1382
sensor.co2_mh_z19_co2_value,1344,2025-02-21 02:05:46.297000+00:00,False,1377
sensor.co2_mh_z19_co2_value,1333,2025-02-21 02:06:46.224000+00:00,False,1371
sensor.co2_mh_z19_co2_value,1334,2025-02-21 02:07:46.224000+00:00,False,1367
sensor.co2_mh_z19_co2_value,1340,2025-02-21 02:08:46.222000+00:00,False,1363
sensor.co2_mh_z19_co2_value,1324,2025-02-21 02:09:46.227000+00:00,False,1358
sensor.co2_mh_z19_co2_value,1329,2025-02-21 02:10:46.224000+00:00,False,1355
sensor.co2_mh_z19_co2_value,1334,2025-02-21 02:11:46.226000+00:00,False,1352
sensor.co2_mh_z19_co2_value,1345,2025-02-21 02:12:46.231000+00:00,False,1351
sensor.co2_mh_z19_co2_value,1351,2025-02-21 02:13:46.224000+00:00,False,1351
sensor.co2_mh_z19_co2_value,1355,2025-02-21 02:14:46.236000+00:00,False,1352
sensor.co2_mh_z19_co2_value,1356,2025-02-21 02:15:46.224000+00:00,False,1352
sensor.co2_mh_z19_co2_value,1335,2025-02-21 02:16:46.246000+00:00,False,1350
sensor.co2_mh_z19_co2_value,1314,2025-02-21 02:17:46.231000+00:00,False,1346
sensor.co2_mh_z19_co2_value,1328,2025-02-21 02:18:46.232000+00:00,False,1343
sensor.co2_mh_z19_co2_value,1324,2025-02-21 02:19:46.233000+00:00,False,1341
sensor.co2_mh_z19_co2_value,1310,2025-02-21 02:20:46.233000+00:00,False,1337
sensor.co2_mh_z19_co2_value,1343,2025-02-21 02:21:46.231000+00:00,False,1338
sensor.co2_mh_z19_co2_value,1339,2025-02-21 02:22:46.228000+00:00,False,1338
sensor.co2_mh_z19_co2_value,1338,2025-02-21 02:23:46.232000+00:00,False,1338
sensor.co2_mh_z19_co2_value,1329,2025-02-21 02:24:46.229000+00:00,False,1337
sensor.co2_mh_z19_co2_value,1353,2025-02-21 02:25:46.232000+00:00,False,1339
sensor.co2_mh_z19_co2_value,1343,2025-02-21 02:26:46.236000+00:00,False,1339
sensor.co2_mh_z19_co2_value,1344,2025-02-21 02:27:46.230000+00:00,False,1340
sensor.co2_mh_z19_co2_value,1330,2025-02-21 02:28:46.226000+00:00,False,1339
sensor.co2_mh_z19_co2_value,1338,2025-02-21 02:29:46.238000+00:00,False,1339
sensor.co2_mh_z19_co2_value,1332,2025-02-21 02:30:46.229000+00:00,False,1338
sensor.co2_mh_z19_co2_value,1316,2025-02-21 02:31:46.235000+00:00,False,1335
sensor.co2_mh_z19_co2_value,1341,2025-02-21 02:32:46.229000+00:00,False,1336
sensor.co2_mh_z19_co2_value,1328,2025-02-21 02:33:46.231000+00:00,False,1335
sensor.co2_mh_z19_co2_value,1336,2025-02-21 02:34:46.227000+00:00,False,1335
sensor.co2_mh_z19_co2_value,1347,2025-02-21 02:35:46.229000+00:00,False,1336
sensor.co2_mh_z19_co2_value,1310,2025-02-21 02:36:46.252000+00:00,False,1333
sensor.co2_mh_z19_co2_value,1314,2025-02-21 02:37:46.233000+00:00,False,1331
sensor.co2_mh_z19_co2_value,1317,2025-02-21 02:38:46.231000+00:00,False,1329
sensor.co2_mh_z19_co2_value,1326,2025-02-21 02:39:46.232000+00:00,False,1329
sensor.co2_mh_z19_co2_value,1323,2025-02-21 02:40:46.231000+00:00,False,1328
sensor.co2_mh_z19_co2_value,1329,2025-02-21 02:41:46.233000+00:00,False,1328
sensor.co2_mh_z19_co2_value,1301,2025-02-21 02:43:46.238000+00:00,False,1325
sensor.co2_mh_z19_co2_value,1294,2025-02-21 02:44:46.234000+00:00,False,1321
sensor.co2_mh_z19_co2_value,1309,2025-02-21 02:45:46.242000+00:00,False,1319
sensor.co2_mh_z19_co2_value,1328,2025-02-21 02:46:46.234000+00:00,False,1320
sensor.co2_mh_z19_co2_value,1340,2025-02-21 02:47:46.240000+00:00,False,1323
sensor.co2_mh_z19_co2_value,1327,2025-02-21 02:48:46.236000+00:00,False,1323
sensor.co2_mh_z19_co2_value,1324,2025-02-21 02:49:46.236000+00:00,False,1323
sensor.co2_mh_z19_co2_value,1301,2025-02-21 02:50:46.234000+00:00,False,1321
sensor.co2_mh_z19_co2_value,1292,2025-02-21 02:51:46.247000+00:00,False,1317
sensor.co2_mh_z19_co2_value,1320,2025-02-21 02:52:46.240000+00:00,False,1317
sensor.co2_mh_z19_co2_value,1334,2025-02-21 02:53:46.235000+00:00,False,1320
sensor.co2_mh_z19_co2_value,1319,2025-02-21 02:54:46.234000+00:00,False,1319
sensor.co2_mh_z19_co2_value,1313,2025-02-21 02:55:46.239000+00:00,False,1319
sensor.co2_mh_z19_co2_value,1317,2025-02-21 02:56:46.281000+00:00,False,1318
sensor.co2_mh_z19_co2_value,1287,2025-02-21 02:57:46.242000+00:00,False,1315
sensor.co2_mh_z19_co2_value,1301,2025-02-21 02:58:46.294000+00:00,False,1313
sensor.co2_mh_z19_co2_value,1323,2025-02-21 02:59:46.235000+00:00,False,1314
sensor.co2_mh_z19_co2_value,1288,2025-02-21 03:00:46.237000+00:00,False,1311
sensor.co2_mh_z19_co2_value,1301,2025-02-21 03:01:46.240000+00:00,False,1310
sensor.co2_mh_z19_co2_value,1324,2025-02-21 03:02:46.246000+00:00,False,1311
sensor.co2_mh_z19_co2_value,1322,2025-02-21 03:03:46.237000+00:00,False,1313
sensor.co2_mh_z19_co2_value,1317,2025-02-21 03:04:46.243000+00:00,False,1313
sensor.co2_mh_z19_co2_value,1323,2025-02-21 03:05:46.248000+00:00,False,1314
sensor.co2_mh_z19_co2_value,1321,2025-02-21 03:06:46.237000+00:00,False,1315
sensor.co2_mh_z19_co2_value,1303,2025-02-21 03:07:46.253000+00:00,False,1314
sensor.co2_mh_z19_co2_value,1308,2025-02-21 03:08:46.240000+00:00,False,1313
sensor.co2_mh_z19_co2_value,1317,2025-02-21 03:09:46.240000+00:00,False,1314
sensor.co2_mh_z19_co2_value,1348,2025-02-21 03:10:46.241000+00:00,False,1318
sensor.co2_mh_z19_co2_value,1380,2025-02-21 03:11:46.238000+00:00,False,1326
sensor.co2_mh_z19_co2_value,1362,2025-02-21 03:12:46.245000+00:00,False,1330
sensor.co2_mh_z19_co2_value,1363,2025-02-21 03:13:46.244000+00:00,False,1334
sensor.co2_mh_z19_co2_value,1357,2025-02-21 03:14:46.240000+00:00,False,1337
sensor.co2_mh_z19_co2_value,1391,2025-02-21 03:15:46.239000+00:00,False,1344
sensor.co2_mh_z19_co2_value,1402,2025-02-21 03:16:46.240000+00:00,False,1351
sensor.co2_mh_z19_co2_value,1377,2025-02-21 03:17:46.248000+00:00,False,1354
sensor.co2_mh_z19_co2_value,1385,2025-02-21 03:18:46.248000+00:00,False,1358
sensor.co2_mh_z19_co2_value,1401,2025-02-21 03:19:46.246000+00:00,False,1364
sensor.co2_mh_z19_co2_value,1406,2025-02-21 03:20:46.243000+00:00,False,1369
sensor.co2_mh_z19_co2_value,1419,2025-02-21 03:21:46.246000+00:00,False,1375
sensor.co2_mh_z19_co2_value,1433,2025-02-21 03:22:46.240000+00:00,False,1382
sensor.co2_mh_z19_co2_value,1429,2025-02-21 03:23:46.266000+00:00,False,1388
sensor.co2_mh_z19_co2_value,1437,2025-02-21 03:24:46.243000+00:00,False,1394
sensor.co2_mh_z19_co2_value,1447,2025-02-21 03:25:46.245000+00:00,False,1401
sensor.co2_mh_z19_co2_value,1435,2025-02-21 03:26:46.254000+00:00,False,1405
sensor.co2_mh_z19_co2_value,1432,2025-02-21 03:27:46.251000+00:00,False,1408
sensor.co2_mh_z19_co2_value,1429,2025-02-21 03:28:46.258000+00:00,False,1411
sensor.co2_mh_z19_co2_value,1427,2025-02-21 03:29:46.253000+00:00,False,1413
sensor.co2_mh_z19_co2_value,1387,2025-02-21 03:30:46.243000+00:00,False,1410
sensor.co2_mh_z19_co2_value,1361,2025-02-21 03:31:46.247000+00:00,False,1404
sensor.co2_mh_z19_co2_value,1360,2025-02-21 03:32:46.243000+00:00,False,1398
sensor.co2_mh_z19_co2_value,1342,2025-02-21 03:33:46.246000+00:00,False,1391
sensor.co2_mh_z19_co2_value,1308,2025-02-21 03:34:46.254000+00:00,False,1381
sensor.co2_mh_z19_co2_value,1291,2025-02-21 03:35:46.258000+00:00,False,1370
sensor.co2_mh_z19_co2_value,1294,2025-02-21 03:36:46.250000+00:00,False,1360
sensor.co2_mh_z19_co2_value,1329,2025-02-21 03:37:46.270000+00:00,False,1356
sensor.co2_mh_z19_co2_value,1321,2025-02-21 03:38:46.251000+00:00,False,1352
sensor.co2_mh_z19_co2_value,1330,2025-02-21 03:39:46.247000+00:00,False,1349
sensor.co2_mh_z19_co2_value,1315,2025-02-21 03:40:46.249000+00:00,False,1345
sensor.co2_mh_z19_co2_value,1289,2025-02-21 03:41:46.250000+00:00,False,1338
sensor.co2_mh_z19_co2_value,1296,2025-02-21 03:42:46.253000+00:00,False,1333
sensor.co2_mh_z19_co2_value,1314,2025-02-21 03:43:46.249000+00:00,False,1330
sensor.co2_mh_z19_co2_value,1306,2025-02-21 03:44:46.255000+00:00,False,1327
sensor.co2_mh_z19_co2_value,1308,2025-02-21 03:45:46.261000+00:00,False,1325
sensor.co2_mh_z19_co2_value,1329,2025-02-21 03:46:46.255000+00:00,False,1325
sensor.co2_mh_z19_co2_value,1312,2025-02-21 03:47:46.251000+00:00,False,1324
sensor.co2_mh_z19_co2_value,1314,2025-02-21 03:48:46.249000+00:00,False,1322
sensor.co2_mh_z19_co2_value,1327,2025-02-21 03:49:46.249000+00:00,False,1323
sensor.co2_mh_z19_co2_value,1337,2025-02-21 03:50:46.256000+00:00,False,1325
sensor.co2_mh_z19_co2_value,1355,2025-02-21 03:51:46.253000+00:00,False,1329
sensor.co2_mh_z19_co2_value,1315,2025-02-21 03:52:46.264000+00:00,False,1327
sensor.co2_mh_z19_co2_value,1329,2025-02-21 03:53:46.251000+00:00,False,1327
sensor.co2_mh_z19_co2_value,1331,2025-02-21 03:54:46.251000+00:00,False,1328
sensor.co2_mh_z19_co2_value,1355,2025-02-21 03:55:46.252000+00:00,False,1331
sensor.co2_mh_z19_co2_value,1373,2025-02-21 03:56:46.255000+00:00,False,1336
sensor.co2_mh_z19_co2_value,1333,2025-02-21 03:57:46.253000+00:00,False,1336
sensor.co2_mh_z19_co2_value,1326,2025-02-21 03:58:46.257000+00:00,False,1335
sensor.co2_mh_z19_co2_value,1336,2025-02-21 03:59:46.264000+00:00,False,1335
sensor.co2_mh_z19_co2_value,1332,2025-02-21 04:00:46.258000+00:00,False,1334
sensor.co2_mh_z19_co2_value,1330,2025-02-21 04:01:46.255000+00:00,False,1334
sensor.co2_mh_z19_co2_value,1327,2025-02-21 04:02:46.257000+00:00,False,1333
sensor.co2_mh_z19_co2_value,1338,2025-02-21 04:03:46.252000+00:00,False,1334
sensor.co2_mh_z19_co2_value,1325,2025-02-21 04:04:46.253000+00:00,False,1333
sensor.co2_mh_z19_co2_value,1332,2025-02-21 04:05:46.257000+00:00,False,1333
sensor.co2_mh_z19_co2_value,1313,2025-02-21 04:06:46.259000+00:00,False,1330
sensor.co2_mh_z19_co2_value,1314,2025-02-21 04:07:46.262000+00:00,False,1328
sensor.co2_mh_z19_co2_value,1319,2025-02-21 04:08:46.258000+00:00,False,1327
sensor.co2_mh_z19_co2_value,1317,2025-02-21 04:09:46.265000+00:00,False,1326
sensor.co2_mh_z19_co2_value,1301,2025-02-21 04:10:46.256000+00:00,False,1323
sensor.co2_mh_z19_co2_value,1305,2025-02-21 04:11:46.264000+00:00,False,1320
sensor.co2_mh_z19_co2_value,1281,2025-02-21 04:12:46.260000+00:00,False,1315
sensor.co2_mh_z19_co2_value,1269,2025-02-21 04:13:46.295000+00:00,False,1310
sensor.co2_mh_z19_co2_value,1266,2025-02-21 04:14:46.257000+00:00,False,1304
sensor.co2_mh_z19_co2_value,1268,2025-02-21 04:15:46.306000+00:00,False,1300
sensor.co2_mh_z19_co2_value,1280,2025-02-21 04:16:47.237000+00:00,False,1297
sensor.co2_mh_z19_co2_value,1270,2025-02-21 04:17:46.269000+00:00,False,1294
sensor.co2_mh_z19_co2_value,1281,2025-02-21 04:18:46.268000+00:00,False,1292
sensor.co2_mh_z19_co2_value,1283,2025-02-21 04:19:46.258000+00:00,False,1291
sensor.co2_mh_z19_co2_value,1285,2025-02-21 04:20:46.256000+00:00,False,1290
sensor.co2_mh_z19_co2_value,1279,2025-02-21 04:21:46.263000+00:00,False,1289
sensor.co2_mh_z19_co2_value,1285,2025-02-21 04:22:46.254000+00:00,False,1288
sensor.co2_mh_z19_co2_value,1311,2025-02-21 04:23:46.264000+00:00,False,1291
sensor.co2_mh_z19_co2_value,1297,2025-02-21 04:24:46.258000+00:00,False,1292
sensor.co2_mh_z19_co2_value,1295,2025-02-21 04:25:46.256000+00:00,False,1292
sensor.co2_mh_z19_co2_value,1306,2025-02-21 04:26:46.259000+00:00,False,1294
sensor.co2_mh_z19_co2_value,1294,2025-02-21 04:27:46.286000+00:00,False,1294
sensor.co2_mh_z19_co2_value,1301,2025-02-21 04:28:46.267000+00:00,False,1295
sensor.co2_mh_z19_co2_value,1328,2025-02-21 04:29:46.299000+00:00,False,1299
sensor.co2_mh_z19_co2_value,1302,2025-02-21 04:30:46.261000+00:00,False,1299
sensor.co2_mh_z19_co2_value,1285,2025-02-21 04:32:46.321000+00:00,False,1298
sensor.co2_mh_z19_co2_value,1318,2025-02-21 04:33:46.261000+00:00,False,1300
sensor.co2_mh_z19_co2_value,1308,2025-02-21 04:34:46.334000+00:00,False,1301
sensor.co2_mh_z19_co2_value,1311,2025-02-21 04:35:46.263000+00:00,False,1302
sensor.co2_mh_z19_co2_value,1344,2025-02-21 04:36:46.264000+00:00,False,1308
sensor.co2_mh_z19_co2_value,1322,2025-02-21 04:37:46.352000+00:00,False,1309
sensor.co2_mh_z19_co2_value,1308,2025-02-21 04:38:46.261000+00:00,False,1309
sensor.co2_mh_z19_co2_value,1344,2025-02-21 04:39:46.263000+00:00,False,1314
sensor.co2_mh_z19_co2_value,1323,2025-02-21 04:40:46.259000+00:00,False,1315
sensor.co2_mh_z19_co2_value,1339,2025-02-21 04:41:46.261000+00:00,False,1318
sensor.co2_mh_z19_co2_value,1326,2025-02-21 04:42:46.266000+00:00,False,1319
sensor.co2_mh_z19_co2_value,1328,2025-02-21 04:43:46.263000+00:00,False,1320
sensor.co2_mh_z19_co2_value,1332,2025-02-21 04:44:46.263000+00:00,False,1321
sensor.co2_mh_z19_co2_value,1315,2025-02-21 04:45:46.270000+00:00,False,1321
sensor.co2_mh_z19_co2_value,1299,2025-02-21 04:46:46.262000+00:00,False,1318
sensor.co2_mh_z19_co2_value,1307,2025-02-21 04:47:46.263000+00:00,False,1317
sensor.co2_mh_z19_co2_value,1313,2025-02-21 04:48:46.263000+00:00,False,1316
sensor.co2_mh_z19_co2_value,1309,2025-02-21 04:49:46.262000+00:00,False,1315
sensor.co2_mh_z19_co2_value,1320,2025-02-21 04:50:46.259000+00:00,False,1316
sensor.co2_mh_z19_co2_value,1324,2025-02-21 04:51:46.264000+00:00,False,1317
sensor.co2_mh_z19_co2_value,1335,2025-02-21 04:52:46.263000+00:00,False,1319
sensor.co2_mh_z19_co2_value,1319,2025-02-21 04:53:46.267000+00:00,False,1319
sensor.co2_mh_z19_co2_value,1331,2025-02-21 04:54:46.264000+00:00,False,1321
sensor.co2_mh_z19_co2_value,1332,2025-02-21 04:55:46.269000+00:00,False,1322
sensor.co2_mh_z19_co2_value,1328,2025-02-21 04:56:46.265000+00:00,False,1323
sensor.co2_mh_z19_co2_value,1312,2025-02-21 04:57:46.273000+00:00,False,1321
sensor.co2_mh_z19_co2_value,1311,2025-02-21 04:58:46.280000+00:00,False,1320
sensor.co2_mh_z19_co2_value,1327,2025-02-21 04:59:46.267000+00:00,False,1321
sensor.co2_mh_z19_co2_value,1311,2025-02-21 05:00:46.266000+00:00,False,1320
sensor.co2_mh_z19_co2_value,1288,2025-02-21 05:01:46.267000+00:00,False,1316
sensor.co2_mh_z19_co2_value,1300,2025-02-21 05:02:46.265000+00:00,False,1314
sensor.co2_mh_z19_co2_value,1331,2025-02-21 05:03:46.266000+00:00,False,1316
sensor.co2_mh_z19_co2_value,1306,2025-02-21 05:04:46.266000+00:00,False,1315
sensor.co2_mh_z19_co2_value,1281,2025-02-21 05:05:46.271000+00:00,False,1310
sensor.co2_mh_z19_co2_value,1293,2025-02-21 05:06:46.269000+00:00,False,1308
sensor.co2_mh_z19_co2_value,1300,2025-02-21 05:07:46.272000+00:00,False,1307
sensor.co2_mh_z19_co2_value,1297,2025-02-21 05:08:46.273000+00:00,False,1306
sensor.co2_mh_z19_co2_value,1315,2025-02-21 05:09:46.269000+00:00,False,1307
sensor.co2_mh_z19_co2_value,1312,2025-02-21 05:10:46.280000+00:00,False,1308
sensor.co2_mh_z19_co2_value,1287,2025-02-21 05:11:46.282000+00:00,False,1305
sensor.co2_mh_z19_co2_value,1315,2025-02-21 05:12:46.269000+00:00,False,1306
sensor.co2_mh_z19_co2_value,1304,2025-02-21 05:13:46.273000+00:00,False,1306
sensor.co2_mh_z19_co2_value,1284,2025-02-21 05:14:46.280000+00:00,False,1303
sensor.co2_mh_z19_co2_value,1295,2025-02-21 05:15:46.268000+00:00,False,1302
sensor.co2_mh_z19_co2_value,1308,2025-02-21 05:16:46.272000+00:00,False,1303
sensor.co2_mh_z19_co2_value,1316,2025-02-21 05:17:46.270000+00:00,False,1305
sensor.co2_mh_z19_co2_value,1327,2025-02-21 05:18:46.281000+00:00,False,1307
sensor.co2_mh_z19_co2_value,1281,2025-02-21 05:19:46.274000+00:00,False,1304
sensor.co2_mh_z19_co2_value,1306,2025-02-21 05:21:46.278000+00:00,False,1304
sensor.co2_mh_z19_co2_value,1301,2025-02-21 05:23:46.287000+00:00,False,1304
sensor.co2_mh_z19_co2_value,1291,2025-02-21 05:24:46.276000+00:00,False,1302
sensor.co2_mh_z19_co2_value,1278,2025-02-21 05:25:46.281000+00:00,False,1299
sensor.co2_mh_z19_co2_value,1277,2025-02-21 05:26:46.281000+00:00,False,1296
sensor.co2_mh_z19_co2_value,1308,2025-02-21 05:27:46.275000+00:00,False,1298
sensor.co2_mh_z19_co2_value,1324,2025-02-21 05:28:46.274000+00:00,False,1301
sensor.co2_mh_z19_co2_value,1315,2025-02-21 05:29:46.286000+00:00,False,1303
sensor.co2_mh_z19_co2_value,1277,2025-02-21 05:30:46.284000+00:00,False,1300
sensor.co2_mh_z19_co2_value,1281,2025-02-21 05:31:46.276000+00:00,False,1297
sensor.co2_mh_z19_co2_value,1293,2025-02-21 05:32:46.275000+00:00,False,1297
sensor.co2_mh_z19_co2_value,1285,2025-02-21 05:33:46.275000+00:00,False,1295
sensor.co2_mh_z19_co2_value,1273,2025-02-21 05:34:46.278000+00:00,False,1293
sensor.co2_mh_z19_co2_value,1289,2025-02-21 05:35:46.275000+00:00,False,1292
sensor.co2_mh_z19_co2_value,1311,2025-02-21 05:36:46.276000+00:00,False,1294
sensor.co2_mh_z19_co2_value,1298,2025-02-21 05:37:46.277000+00:00,False,1295
sensor.co2_mh_z19_co2_value,1287,2025-02-21 05:38:46.279000+00:00,False,1294
sensor.co2_mh_z19_co2_value,1291,2025-02-21 05:39:46.279000+00:00,False,1294
sensor.co2_mh_z19_co2_value,1276,2025-02-21 05:40:46.285000+00:00,False,1291
sensor.co2_mh_z19_co2_value,1278,2025-02-21 05:41:46.379000+00:00,False,1290
sensor.co2_mh_z19_co2_value,1297,2025-02-21 05:42:46.283000+00:00,False,1291
sensor.co2_mh_z19_co2_value,1302,2025-02-21 05:43:46.282000+00:00,False,1292
sensor.co2_mh_z19_co2_value,1287,2025-02-21 05:44:46.286000+00:00,False,1291
sensor.co2_mh_z19_co2_value,1291,2025-02-21 05:45:46.279000+00:00,False,1291
sensor.co2_mh_z19_co2_value,1284,2025-02-21 05:46:46.284000+00:00,False,1290
sensor.co2_mh_z19_co2_value,1282,2025-02-21 05:47:46.285000+00:00,False,1289
sensor.co2_mh_z19_co2_value,1303,2025-02-21 05:48:46.283000+00:00,False,1291
sensor.co2_mh_z19_co2_value,1304,2025-02-21 05:49:46.331000+00:00,False,1293
sensor.co2_mh_z19_co2_value,1315,2025-02-21 05:50:46.282000+00:00,False,1295
sensor.co2_mh_z19_co2_value,1295,2025-02-21 05:51:46.345000+00:00,False,1295
sensor.co2_mh_z19_co2_value,1297,2025-02-21 05:52:46.284000+00:00,False,1296
sensor.co2_mh_z19_co2_value,1314,2025-02-21 05:53:46.286000+00:00,False,1298
sensor.co2_mh_z19_co2_value,1312,2025-02-21 05:54:46.284000+00:00,False,1300
sensor.co2_mh_z19_co2_value,1280,2025-02-21 05:55:46.286000+00:00,False,1297
sensor.co2_mh_z19_co2_value,1292,2025-02-21 05:56:46.285000+00:00,False,1297
sensor.co2_mh_z19_co2_value,1310,2025-02-21 05:57:46.289000+00:00,False,1298
sensor.co2_mh_z19_co2_value,1315,2025-02-21 05:58:46.285000+00:00,False,1300
sensor.co2_mh_z19_co2_value,1320,2025-02-21 05:59:46.291000+00:00,False,1303
sensor.co2_mh_z19_co2_value,1326,2025-02-21 06:00:46.290000+00:00,False,1306
sensor.co2_mh_z19_co2_value,1313,2025-02-21 06:01:46.291000+00:00,False,1307
sensor.co2_mh_z19_co2_value,1297,2025-02-21 06:02:46.289000+00:00,False,1305
sensor.co2_mh_z19_co2_value,1310,2025-02-21 06:03:46.292000+00:00,False,1306
sensor.co2_mh_z19_co2_value,1317,2025-02-21 06:04:46.294000+00:00,False,1307
sensor.co2_mh_z19_co2_value,1285,2025-02-21 06:05:46.293000+00:00,False,1305
sensor.co2_mh_z19_co2_value,1294,2025-02-21 06:06:46.288000+00:00,False,1303
sensor.co2_mh_z19_co2_value,1313,2025-02-21 06:07:46.290000+00:00,False,1304
sensor.co2_mh_z19_co2_value,1316,2025-02-21 06:08:46.294000+00:00,False,1306
sensor.co2_mh_z19_co2_value,1304,2025-02-21 06:09:46.293000+00:00,False,1306
sensor.co2_mh_z19_co2_value,1286,2025-02-21 06:10:46.287000+00:00,False,1303
sensor.co2_mh_z19_co2_value,1314,2025-02-21 06:11:46.287000+00:00,False,1305
sensor.co2_mh_z19_co2_value,1315,2025-02-21 06:12:46.288000+00:00,False,1306
sensor.co2_mh_z19_co2_value,1287,2025-02-21 06:13:46.293000+00:00,False,1304
sensor.co2_mh_z19_co2_value,1311,2025-02-21 06:14:46.288000+00:00,False,1304
sensor.co2_mh_z19_co2_value,1298,2025-02-21 06:15:46.295000+00:00,False,1304
sensor.co2_mh_z19_co2_value,1299,2025-02-21 06:16:46.291000+00:00,False,1303
sensor.co2_mh_z19_co2_value,1293,2025-02-21 06:17:46.297000+00:00,False,1302
sensor.co2_mh_z19_co2_value,1290,2025-02-21 06:18:46.289000+00:00,False,1300
sensor.co2_mh_z19_co2_value,1300,2025-02-21 06:19:46.289000+00:00,False,1300
sensor.co2_mh_z19_co2_value,1291,2025-02-21 06:20:46.292000+00:00,False,1299
sensor.co2_mh_z19_co2_value,1299,2025-02-21 06:21:46.291000+00:00,False,1299
sensor.co2_mh_z19_co2_value,1278,2025-02-21 06:22:46.290000+00:00,False,1296
sensor.co2_mh_z19_co2_value,1288,2025-02-21 06:23:46.290000+00:00,False,1295
sensor.co2_mh_z19_co2_value,1292,2025-02-21 06:24:46.292000+00:00,False,1295
sensor.co2_mh_z19_co2_value,1288,2025-02-21 06:25:46.288000+00:00,False,1294
sensor.co2_mh_z19_co2_value,1306,2025-02-21 06:26:46.290000+00:00,False,1296
sensor.co2_mh_z19_co2_value,1280,2025-02-21 06:27:46.295000+00:00,False,1294
sensor.co2_mh_z19_co2_value,1278,2025-02-21 06:28:46.297000+00:00,False,1292
sensor.co2_mh_z19_co2_value,1277,2025-02-21 06:30:46.292000+00:00,False,1290
sensor.co2_mh_z19_co2_value,1265,2025-02-21 06:31:46.300000+00:00,False,1287
sensor.co2_mh_z19_co2_value,1273,2025-02-21 06:32:46.292000+00:00,False,1285
sensor.co2_mh_z19_co2_value,1297,2025-02-21 06:33:46.292000+00:00,False,1287
sensor.co2_mh_z19_co2_value,1310,2025-02-21 06:34:46.293000+00:00,False,1289
sensor.co2_mh_z19_co2_value,1329,2025-02-21 06:35:46.290000+00:00,False,1294
sensor.co2_mh_z19_co2_value,1345,2025-02-21 06:36:46.296000+00:00,False,1301
sensor.co2_mh_z19_co2_value,1308,2025-02-21 06:37:46.292000+00:00,False,1302
sensor.co2_mh_z19_co2_value,1306,2025-02-21 06:38:46.299000+00:00,False,1302
sensor.co2_mh_z19_co2_value,1332,2025-02-21 06:39:46.295000+00:00,False,1306
sensor.co2_mh_z19_co2_value,1339,2025-02-21 06:40:46.293000+00:00,False,1310
sensor.co2_mh_z19_co2_value,1340,2025-02-21 06:41:46.295000+00:00,False,1314
sensor.co2_mh_z19_co2_value,1319,2025-02-21 06:42:46.295000+00:00,False,1314
sensor.co2_mh_z19_co2_value,1328,2025-02-21 06:43:46.297000+00:00,False,1316
sensor.co2_mh_z19_co2_value,1296,2025-02-21 06:44:46.297000+00:00,False,1314
sensor.co2_mh_z19_co2_value,1284,2025-02-21 06:45:46.319000+00:00,False,1310
sensor.co2_mh_z19_co2_value,1261,2025-02-21 06:46:46.296000+00:00,False,1304
sensor.co2_mh_z19_co2_value,1270,2025-02-21 06:47:46.297000+00:00,False,1300
sensor.co2_mh_z19_co2_value,1286,2025-02-21 06:48:46.298000+00:00,False,1298
sensor.co2_mh_z19_co2_value,1289,2025-02-21 06:49:46.300000+00:00,False,1297
sensor.co2_mh_z19_co2_value,1298,2025-02-21 06:50:46.295000+00:00,False,1297
sensor.co2_mh_z19_co2_value,1313,2025-02-21 06:51:46.302000+00:00,False,1299
sensor.co2_mh_z19_co2_value,1300,2025-02-21 06:52:46.296000+00:00,False,1299
sensor.co2_mh_z19_co2_value,1278,2025-02-21 06:53:46.297000+00:00,False,1296
sensor.co2_mh_z19_co2_value,1285,2025-02-21 06:54:46.298000+00:00,False,1295
sensor.co2_mh_z19_co2_value,1296,2025-02-21 06:55:46.297000+00:00,False,1295
sensor.co2_mh_z19_co2_value,1294,2025-02-21 06:56:46.308000+00:00,False,1295
sensor.co2_mh_z19_co2_value,1270,2025-02-21 06:57:46.298000+00:00,False,1292
sensor.co2_mh_z19_co2_value,1291,2025-02-21 06:58:46.304000+00:00,False,1292
sensor.co2_mh_z19_co2_value,1285,2025-02-21 06:59:46.302000+00:00,False,1291
sensor.co2_mh_z19_co2_value,1274,2025-02-21 07:00:46.313000+00:00,False,1289
sensor.co2_mh_z19_co2_value,1261,2025-02-21 07:01:46.299000+00:00,False,1285
sensor.co2_mh_z19_co2_value,1251,2025-02-21 07:02:46.300000+00:00,False,1281
sensor.co2_mh_z19_co2_value,1248,2025-02-21 07:03:46.299000+00:00,False,1277
sensor.co2_mh_z19_co2_value,1252,2025-02-21 07:04:46.310000+00:00,False,1274
sensor.co2_mh_z19_co2_value,1246,2025-02-21 07:05:46.304000+00:00,False,1270
sensor.co2_mh_z19_co2_value,1242,2025-02-21 07:06:46.299000+00:00,False,1267
sensor.co2_mh_z19_co2_value,1244,2025-02-21 07:07:46.302000+00:00,False,1264
sensor.co2_mh_z19_co2_value,1248,2025-02-21 07:08:46.299000+00:00,False,1262
sensor.co2_mh_z19_co2_value,1252,2025-02-21 07:09:46.301000+00:00,False,1261
sensor.co2_mh_z19_co2_value,1258,2025-02-21 07:10:46.308000+00:00,False,1260
sensor.co2_mh_z19_co2_value,1243,2025-02-21 07:11:46.377000+00:00,False,1258
sensor.co2_mh_z19_co2_value,1250,2025-02-21 07:13:46.308000+00:00,False,1257
sensor.co2_mh_z19_co2_value,1246,2025-02-21 07:14:46.313000+00:00,False,1256
sensor.co2_mh_z19_co2_value,1255,2025-02-21 07:15:46.311000+00:00,False,1256
sensor.co2_mh_z19_co2_value,1240,2025-02-21 07:16:46.308000+00:00,False,1254
sensor.co2_mh_z19_co2_value,1263,2025-02-21 07:17:46.307000+00:00,False,1255
sensor.co2_mh_z19_co2_value,1324,2025-02-21 07:18:46.314000+00:00,False,1264
sensor.co2_mh_z19_co2_value,1328,2025-02-21 07:19:46.313000+00:00,False,1272
sensor.co2_mh_z19_co2_value,1364,2025-02-21 07:20:46.305000+00:00,False,1283
sensor.co2_mh_z19_co2_value,1363,2025-02-21 07:21:46.307000+00:00,False,1293
sensor.co2_mh_z19_co2_value,1357,2025-02-21 07:22:46.305000+00:00,False,1301
sensor.co2_mh_z19_co2_value,1352,2025-02-21 07:23:46.317000+00:00,False,1307
sensor.co2_mh_z19_co2_value,1402,2025-02-21 07:24:46.309000+00:00,False,1319
sensor.co2_mh_z19_co2_value,1405,2025-02-21 07:25:46.308000+00:00,False,1330
sensor.co2_mh_z19_co2_value,1385,2025-02-21 07:26:46.308000+00:00,False,1337
sensor.co2_mh_z19_co2_value,1367,2025-02-21 07:27:46.310000+00:00,False,1341
sensor.co2_mh_z19_co2_value,1375,2025-02-21 07:28:46.309000+00:00,False,1345
sensor.co2_mh_z19_co2_value,1362,2025-02-21 07:29:46.306000+00:00,False,1347
sensor.co2_mh_z19_co2_value,1342,2025-02-21 07:30:46.311000+00:00,False,1346
sensor.co2_mh_z19_co2_value,1366,2025-02-21 07:31:46.313000+00:00,False,1349
sensor.co2_mh_z19_co2_value,1371,2025-02-21 07:32:46.327000+00:00,False,1352
sensor.co2_mh_z19_co2_value,1338,2025-02-21 07:33:46.312000+00:00,False,1350
sensor.co2_mh_z19_co2_value,1372,2025-02-21 07:34:46.311000+00:00,False,1353
sensor.co2_mh_z19_co2_value,1388,2025-02-21 07:35:46.308000+00:00,False,1357
sensor.co2_mh_z19_co2_value,1401,2025-02-21 07:36:46.311000+00:00,False,1363
sensor.co2_mh_z19_co2_value,1383,2025-02-21 07:37:46.315000+00:00,False,1365
sensor.co2_mh_z19_co2_value,1335,2025-02-21 07:38:46.316000+00:00,False,1361
sensor.co2_mh_z19_co2_value,1329,2025-02-21 07:39:46.309000+00:00,False,1357
sensor.co2_mh_z19_co2_value,1325,2025-02-21 07:40:46.307000+00:00,False,1353
sensor.co2_mh_z19_co2_value,1320,2025-02-21 07:41:46.310000+00:00,False,1349
sensor.co2_mh_z19_co2_value,1360,2025-02-21 07:42:46.311000+00:00,False,1350
sensor.co2_mh_z19_co2_value,1356,2025-02-21 07:43:46.312000+00:00,False,1351
sensor.co2_mh_z19_co2_value,1326,2025-02-21 07:44:46.313000+00:00,False,1348
sensor.co2_mh_z19_co2_value,1289,2025-02-21 07:45:46.309000+00:00,False,1341
sensor.co2_mh_z19_co2_value,1302,2025-02-21 07:46:46.316000+00:00,False,1336
sensor.co2_mh_z19_co2_value,1286,2025-02-21 07:47:46.320000+00:00,False,1330
sensor.co2_mh_z19_co2_value,1274,2025-02-21 07:48:46.325000+00:00,False,1323
sensor.co2_mh_z19_co2_value,1297,2025-02-21 07:49:46.321000+00:00,False,1319
sensor.co2_mh_z19_co2_value,1295,2025-02-21 07:50:46.318000+00:00,False,1316
sensor.co2_mh_z19_co2_value,1296,2025-02-21 07:51:46.312000+00:00,False,1314
sensor.co2_mh_z19_co2_value,1295,2025-02-21 07:52:46.317000+00:00,False,1311
sensor.co2_mh_z19_co2_value,1269,2025-02-21 07:53:46.317000+00:00,False,1306
sensor.co2_mh_z19_co2_value,1263,2025-02-21 07:54:46.317000+00:00,False,1301
sensor.co2_mh_z19_co2_value,1270,2025-02-21 07:55:46.320000+00:00,False,1297
sensor.co2_mh_z19_co2_value,1302,2025-02-21 07:56:46.318000+00:00,False,1298
sensor.co2_mh_z19_co2_value,1277,2025-02-21 07:57:46.321000+00:00,False,1295
sensor.co2_mh_z19_co2_value,1286,2025-02-21 07:58:46.314000+00:00,False,1294
sensor.co2_mh_z19_co2_value,1281,2025-02-21 07:59:46.320000+00:00,False,1292
sensor.co2_mh_z19_co2_value,1292,2025-02-21 08:00:46.317000+00:00,False,1292
sensor.co2_mh_z19_co2_value,1285,2025-02-21 08:01:46.317000+00:00,False,1291
sensor.co2_mh_z19_co2_value,1262,2025-02-21 08:02:46.329000+00:00,False,1288
sensor.co2_mh_z19_co2_value,1243,2025-02-21 08:03:46.326000+00:00,False,1282
sensor.co2_mh_z19_co2_value,1264,2025-02-21 08:04:46.319000+00:00,False,1280
sensor.co2_mh_z19_co2_value,1272,2025-02-21 08:05:46.325000+00:00,False,1279
sensor.co2_mh_z19_co2_value,1239,2025-02-21 08:06:46.320000+00:00,False,1274
sensor.co2_mh_z19_co2_value,1236,2025-02-21 08:07:46.329000+00:00,False,1269
sensor.co2_mh_z19_co2_value,1278,2025-02-21 08:08:46.319000+00:00,False,1270
sensor.co2_mh_z19_co2_value,1279,2025-02-21 08:09:46.324000+00:00,False,1271
sensor.co2_mh_z19_co2_value,1275,2025-02-21 08:10:46.335000+00:00,False,1272
sensor.co2_mh_z19_co2_value,1276,2025-02-21 08:11:46.318000+00:00,False,1272
sensor.co2_mh_z19_co2_value,1268,2025-02-21 08:12:46.317000+00:00,False,1272
sensor.co2_mh_z19_co2_value,1277,2025-02-21 08:14:46.324000+00:00,False,1272
sensor.co2_mh_z19_co2_value,1284,2025-02-21 08:15:46.319000+00:00,False,1274
sensor.co2_mh_z19_co2_value,1260,2025-02-21 08:16:46.318000+00:00,False,1272
sensor.co2_mh_z19_co2_value,1246,2025-02-21 08:17:46.327000+00:00,False,1269
sensor.co2_mh_z19_co2_value,1258,2025-02-21 08:18:46.322000+00:00,False,1268
sensor.co2_mh_z19_co2_value,1276,2025-02-21 08:19:46.319000+00:00,False,1269
sensor.co2_mh_z19_co2_value,1231,2025-02-21 08:20:46.333000+00:00,False,1264
sensor.co2_mh_z19_co2_value,1243,2025-02-21 08:21:46.323000+00:00,False,1261
sensor.co2_mh_z19_co2_value,1270,2025-02-21 08:22:46.326000+00:00,False,1262
sensor.co2_mh_z19_co2_value,1255,2025-02-21 08:23:46.322000+00:00,False,1261
sensor.co2_mh_z19_co2_value,1265,2025-02-21 08:24:46.319000+00:00,False,1262
sensor.co2_mh_z19_co2_value,1246,2025-02-21 08:25:46.320000+00:00,False,1260
sensor.co2_mh_z19_co2_value,1243,2025-02-21 08:26:46.324000+00:00,False,1258
sensor.co2_mh_z19_co2_value,1260,2025-02-21 08:27:46.330000+00:00,False,1258
sensor.co2_mh_z19_co2_value,1267,2025-02-21 08:28:46.320000+00:00,False,1259
sensor.co2_mh_z19_co2_value,1236,2025-02-21 08:29:46.320000+00:00,False,1256
sensor.co2_mh_z19_co2_value,1243,2025-02-21 08:30:46.323000+00:00,False,1255
sensor.co2_mh_z19_co2_value,1262,2025-02-21 08:31:46.323000+00:00,False,1256
sensor.co2_mh_z19_co2_value,1269,2025-02-21 08:32:46.331000+00:00,False,1257
sensor.co2_mh_z19_co2_value,1280,2025-02-21 08:33:46.421000+00:00,False,1260
sensor.co2_mh_z19_co2_value,1306,2025-02-21 08:34:46.335000+00:00,False,1266
sensor.co2_mh_z19_co2_value,1291,2025-02-21 08:35:46.319000+00:00,False,1269
sensor.co2_mh_z19_co2_value,1259,2025-02-21 08:36:46.325000+00:00,False,1268
sensor.co2_mh_z19_co2_value,1263,2025-02-21 08:37:46.338000+00:00,False,1267
sensor.co2_mh_z19_co2_value,1273,2025-02-21 08:38:46.323000+00:00,False,1268
sensor.co2_mh_z19_co2_value,1284,2025-02-21 08:39:46.323000+00:00,False,1270
sensor.co2_mh_z19_co2_value,1266,2025-02-21 08:40:46.366000+00:00,False,1269
sensor.co2_mh_z19_co2_value,1272,2025-02-21 08:41:46.331000+00:00,False,1270
sensor.co2_mh_z19_co2_value,1279,2025-02-21 08:42:46.331000+00:00,False,1271
sensor.co2_mh_z19_co2_value,1240,2025-02-21 08:43:46.334000+00:00,False,1267
sensor.co2_mh_z19_co2_value,1199,2025-02-21 08:44:46.335000+00:00,False,1259
sensor.co2_mh_z19_co2_value,1186,2025-02-21 08:45:46.325000+00:00,False,1249
sensor.co2_mh_z19_co2_value,1197,2025-02-21 08:46:46.329000+00:00,False,1243
sensor.co2_mh_z19_co2_value,1201,2025-02-21 08:47:46.331000+00:00,False,1238
sensor.co2_mh_z19_co2_value,1203,2025-02-21 08:48:46.325000+00:00,False,1233
sensor.co2_mh_z19_co2_value,1193,2025-02-21 08:49:46.327000+00:00,False,1228
sensor.co2_mh_z19_co2_value,1200,2025-02-21 08:50:46.326000+00:00,False,1225
sensor.co2_mh_z19_co2_value,1190,2025-02-21 08:51:46.328000+00:00,False,1220
sensor.co2_mh_z19_co2_value,1192,2025-02-21 08:52:46.349000+00:00,False,1217
sensor.co2_mh_z19_co2_value,1195,2025-02-21 08:53:46.327000+00:00,False,1214
sensor.co2_mh_z19_co2_value,1168,2025-02-21 08:54:46.328000+00:00,False,1208
sensor.co2_mh_z19_co2_value,1160,2025-02-21 08:55:46.328000+00:00,False,1202
sensor.co2_mh_z19_co2_value,1165,2025-02-21 08:56:46.327000+00:00,False,1198
sensor.co2_mh_z19_co2_value,1167,2025-02-21 08:57:46.331000+00:00,False,1194
sensor.co2_mh_z19_co2_value,1136,2025-02-21 08:58:46.333000+00:00,False,1187
sensor.co2_mh_z19_co2_value,1130,2025-02-21 08:59:46.335000+00:00,False,1180
sensor.co2_mh_z19_co2_value,1134,2025-02-21 09:00:46.337000+00:00,False,1174
sensor.co2_mh_z19_co2_value,1140,2025-02-21 09:01:46.333000+00:00,False,1170
sensor.co2_mh_z19_co2_value,1119,2025-02-21 09:02:46.329000+00:00,False,1163
sensor.co2_mh_z19_co2_value,1128,2025-02-21 09:03:46.332000+00:00,False,1159
sensor.co2_mh_z19_co2_value,1143,2025-02-21 09:04:46.329000+00:00,False,1157
sensor.co2_mh_z19_co2_value,1139,2025-02-21 09:05:46.333000+00:00,False,1155
sensor.co2_mh_z19_co2_value,1113,2025-02-21 09:06:46.333000+00:00,False,1149
sensor.co2_mh_z19_co2_value,1100,2025-02-21 09:07:46.331000+00:00,False,1143
sensor.co2_mh_z19_co2_value,1119,2025-02-21 09:08:46.332000+00:00,False,1140
sensor.co2_mh_z19_co2_value,1156,2025-02-21 09:09:46.332000+00:00,False,1142
sensor.co2_mh_z19_co2_value,1146,2025-02-21 09:10:46.330000+00:00,False,1143
sensor.co2_mh_z19_co2_value,1134,2025-02-21 09:11:46.333000+00:00,False,1142
sensor.co2_mh_z19_co2_value,1133,2025-02-21 09:13:46.335000+00:00,False,1141
sensor.co2_mh_z19_co2_value,1121,2025-02-21 09:14:46.335000+00:00,False,1138
sensor.co2_mh_z19_co2_value,1140,2025-02-21 09:15:46.339000+00:00,False,1138
sensor.co2_mh_z19_co2_value,1128,2025-02-21 09:16:46.336000+00:00,False,1137
sensor.co2_mh_z19_co2_value,1117,2025-02-21 09:17:46.340000+00:00,False,1135
sensor.co2_mh_z19_co2_value,1128,2025-02-21 09:18:46.334000+00:00,False,1134
sensor.co2_mh_z19_co2_value,1092,2025-02-21 09:19:46.340000+00:00,False,1128
sensor.co2_mh_z19_co2_value,1115,2025-02-21 09:20:46.342000+00:00,False,1127
sensor.co2_mh_z19_co2_value,1129,2025-02-21 09:21:46.334000+00:00,False,1127
sensor.co2_mh_z19_co2_value,1135,2025-02-21 09:22:46.339000+00:00,False,1128
sensor.co2_mh_z19_co2_value,1125,2025-02-21 09:23:46.336000+00:00,False,1128
sensor.co2_mh_z19_co2_value,1115,2025-02-21 09:24:46.336000+00:00,False,1126
sensor.co2_mh_z19_co2_value,1139,2025-02-21 09:25:46.338000+00:00,False,1128
sensor.co2_mh_z19_co2_value,1128,2025-02-21 09:27:46.340000+00:00,False,1128
sensor.co2_mh_z19_co2_value,1124,2025-02-21 09:28:46.348000+00:00,False,1127
sensor.co2_mh_z19_co2_value,1108,2025-02-21 09:29:46.337000+00:00,False,1125
sensor.co2_mh_z19_co2_value,1173,2025-02-21 09:30:46.340000+00:00,False,1131
sensor.co2_mh_z19_co2_value,1146,2025-02-21 09:31:46.336000+00:00,False,1133
sensor.co2_mh_z19_co2_value,1101,2025-02-21 09:32:46.345000+00:00,False,1129
sensor.co2_mh_z19_co2_value,1111,2025-02-21 09:33:46.343000+00:00,False,1127
sensor.co2_mh_z19_co2_value,1081,2025-02-21 09:34:46.340000+00:00,False,1121
sensor.co2_mh_z19_co2_value,1046,2025-02-21 09:35:46.361000+00:00,False,1112
sensor.co2_mh_z19_co2_value,1013,2025-02-21 09:36:46.354000+00:00,False,1099
sensor.co2_mh_z19_co2_value,938,2025-02-21 09:37:46.345000+00:00,False,1079
sensor.co2_mh_z19_co2_value,930,2025-02-21 09:38:46.338000+00:00,False,1060
sensor.co2_mh_z19_co2_value,910,2025-02-21 09:39:46.344000+00:00,False,1042
sensor.co2_mh_z19_co2_value,903,2025-02-21 09:40:46.343000+00:00,False,1024
sensor.co2_mh_z19_co2_value,934,2025-02-21 09:41:46.373000+00:00,False,1013
sensor.co2_mh_z19_co2_value,922,2025-02-21 09:42:46.342000+00:00,False,1002
sensor.co2_mh_z19_co2_value,914,2025-02-21 09:43:46.348000+00:00,False,991
sensor.co2_mh_z19_co2_value,905,2025-02-21 09:44:46.356000+00:00,False,980
sensor.co2_mh_z19_co2_value,895,2025-02-21 09:45:46.342000+00:00,False,969
sensor.co2_mh_z19_co2_value,882,2025-02-21 09:46:46.344000+00:00,False,958
sensor.co2_mh_z19_co2_value,885,2025-02-21 09:47:46.345000+00:00,False,949
sensor.co2_mh_z19_co2_value,906,2025-02-21 09:48:46.356000+00:00,False,944
sensor.co2_mh_z19_co2_value,877,2025-02-21 09:49:46.348000+00:00,False,935
sensor.co2_mh_z19_co2_value,870,2025-02-21 09:50:46.860000+00:00,False,927
sensor.co2_mh_z19_co2_value,861,2025-02-21 09:51:46.449000+00:00,False,919
sensor.co2_mh_z19_co2_value,830,2025-02-21 09:52:46.350000+00:00,False,908
sensor.co2_mh_z19_co2_value,847,2025-02-21 09:53:46.343000+00:00,False,900
sensor.co2_mh_z19_co2_value,831,2025-02-21 09:54:46.347000+00:00,False,892
sensor.co2_mh_z19_co2_value,814,2025-02-21 09:55:46.351000+00:00,False,882
sensor.co2_mh_z19_co2_value,835,2025-02-21 09:56:46.346000+00:00,False,876
sensor.co2_mh_z19_co2_value,828,2025-02-21 09:57:46.345000+00:00,False,870
sensor.co2_mh_z19_co2_value,810,2025-02-21 09:58:46.353000+00:00,False,863
sensor.co2_mh_z19_co2_value,815,2025-02-21 09:59:46.352000+00:00,False,857
sensor.co2_mh_z19_co2_value,821,2025-02-21 10:01:46.366000+00:00,False,852
sensor.co2_mh_z19_co2_value,826,2025-02-21 10:02:46.350000+00:00,False,849
sensor.co2_mh_z19_co2_value,831,2025-02-21 10:03:46.344000+00:00,False,847
sensor.co2_mh_z19_co2_value,807,2025-02-21 10:04:46.360000+00:00,False,842
sensor.co2_mh_z19_co2_value,817,2025-02-21 10:05:46.367000+00:00,False,839
sensor.co2_mh_z19_co2_value,794,2025-02-21 10:07:46.350000+00:00,False,833
sensor.co2_mh_z19_co2_value,811,2025-02-21 10:08:46.356000+00:00,False,830
sensor.co2_mh_z19_co2_value,819,2025-02-21 10:09:46.349000+00:00,False,829
sensor.co2_mh_z19_co2_value,789,2025-02-21 10:10:46.348000+00:00,False,824
sensor.co2_mh_z19_co2_value,784,2025-02-21 10:11:46.355000+00:00,False,819
sensor.co2_mh_z19_co2_value,765,2025-02-21 10:12:46.360000+00:00,False,812
sensor.co2_mh_z19_co2_value,756,2025-02-21 10:13:46.352000+00:00,False,805
sensor.co2_mh_z19_co2_value,775,2025-02-21 10:14:46.357000+00:00,False,801
sensor.co2_mh_z19_co2_value,789,2025-02-21 10:15:46.358000+00:00,False,800
sensor.co2_mh_z19_co2_value,775,2025-02-21 10:16:46.355000+00:00,False,797
sensor.co2_mh_z19_co2_value,770,2025-02-21 10:17:46.356000+00:00,False,793
sensor.co2_mh_z19_co2_value,776,2025-02-21 10:18:46.355000+00:00,False,791
sensor.co2_mh_z19_co2_value,777,2025-02-21 10:19:46.362000+00:00,False,789
sensor.co2_mh_z19_co2_value,775,2025-02-21 10:20:46.352000+00:00,False,788
sensor.co2_mh_z19_co2_value,761,2025-02-21 10:21:46.361000+00:00,False,784
sensor.co2_mh_z19_co2_value,758,2025-02-21 10:22:46.369000+00:00,False,781
sensor.co2_mh_z19_co2_value,750,2025-02-21 10:23:46.358000+00:00,False,777
sensor.co2_mh_z19_co2_value,743,2025-02-21 10:24:46.360000+00:00,False,773
sensor.co2_mh_z19_co2_value,763,2025-02-21 10:25:46.356000+00:00,False,772
sensor.co2_mh_z19_co2_value,752,2025-02-21 10:26:46.355000+00:00,False,769
sensor.co2_mh_z19_co2_value,732,2025-02-21 10:28:53.278000+00:00,True,765
sensor.co2_mh_z19_co2_value,711,2025-02-21 10:28:58.229000+00:00,True,758
sensor.co2_mh_z19_co2_value,691,2025-02-21 10:30:26.841000+00:00,False,749
sensor.co2_mh_z19_co2_value,650,2025-02-21 10:31:26.745000+00:00,False,737
sensor.co2_mh_z19_co2_value,647,2025-02-21 10:32:26.709000+00:00,False,726
sensor.co2_mh_z19_co2_value,688,2025-02-21 10:33:26.710000+00:00,False,721
sensor.co2_mh_z19_co2_value,679,2025-02-21 10:34:26.703000+00:00,False,716
sensor.co2_mh_z19_co2_value,689,2025-02-21 10:35:26.698000+00:00,False,712
sensor.co2_mh_z19_co2_value,702,2025-02-21 10:36:26.711000+00:00,False,711
sensor.co2_mh_z19_co2_value,691,2025-02-21 10:37:26.787000+00:00,False,709
sensor.co2_mh_z19_co2_value,683,2025-02-21 10:38:26.793000+00:00,False,705
sensor.co2_mh_z19_co2_value,696,2025-02-21 10:39:26.801000+00:00,False,704
sensor.co2_mh_z19_co2_value,699,2025-02-21 10:40:26.707000+00:00,False,704
sensor.co2_mh_z19_co2_value,706,2025-02-21 10:41:26.703000+00:00,False,704
sensor.co2_mh_z19_co2_value,704,2025-02-21 10:42:26.702000+00:00,False,704
sensor.co2_mh_z19_co2_value,697,2025-02-21 10:43:26.705000+00:00,False,703
sensor.co2_mh_z19_co2_value,712,2025-02-21 10:45:26.703000+00:00,False,704
sensor.co2_mh_z19_co2_value,724,2025-02-21 10:46:26.718000+00:00,False,707
sensor.co2_mh_z19_co2_value,743,2025-02-21 10:47:26.713000+00:00,False,711
sensor.co2_mh_z19_co2_value,737,2025-02-21 10:48:26.706000+00:00,False,714
sensor.co2_mh_z19_co2_value,727,2025-02-21 10:49:26.715000+00:00,False,716
sensor.co2_mh_z19_co2_value,708,2025-02-21 10:50:26.714000+00:00,False,715
sensor.co2_mh_z19_co2_value,693,2025-02-21 10:51:26.713000+00:00,False,712
sensor.co2_mh_z19_co2_value,702,2025-02-21 10:52:26.716000+00:00,False,711
sensor.co2_mh_z19_co2_value,663,2025-02-21 10:53:26.706000+00:00,False,705
sensor.co2_mh_z19_co2_value,659,2025-02-21 10:54:26.707000+00:00,False,699
sensor.co2_mh_z19_co2_value,667,2025-02-21 10:55:26.713000+00:00,False,695
sensor.co2_mh_z19_co2_value,657,2025-02-21 10:56:26.718000+00:00,False,690
sensor.co2_mh_z19_co2_value,654,2025-02-21 10:57:26.720000+00:00,False,686
sensor.co2_mh_z19_co2_value,670,2025-02-21 10:58:26.716000+00:00,False,684
sensor.co2_mh_z19_co2_value,673,2025-02-21 10:59:26.720000+00:00,False,683
sensor.co2_mh_z19_co2_value,676,2025-02-21 11:00:26.713000+00:00,False,682
sensor.co2_mh_z19_co2_value,673,2025-02-21 11:01:26.718000+00:00,False,681
sensor.co2_mh_z19_co2_value,690,2025-02-21 11:02:26.717000+00:00,False,682
sensor.co2_mh_z19_co2_value,691,2025-02-21 11:03:26.720000+00:00,False,683
sensor.co2_mh_z19_co2_value,724,2025-02-21 11:04:26.715000+00:00,False,688
sensor.co2_mh_z19_co2_value,715,2025-02-21 11:05:26.726000+00:00,False,691
sensor.co2_mh_z19_co2_value,703,2025-02-21 11:06:26.716000+00:00,False,693
sensor.co2_mh_z19_co2_value,712,2025-02-21 11:07:26.709000+00:00,False,695
sensor.co2_mh_z19_co2_value,733,2025-02-21 11:08:26.730000+00:00,False,700
sensor.co2_mh_z19_co2_value,746,2025-02-21 11:09:26.799000+00:00,False,706
sensor.co2_mh_z19_co2_value,748,2025-02-21 11:10:26.715000+00:00,False,711
sensor.co2_mh_z19_co2_value,742,2025-02-21 11:11:26.727000+00:00,False,715
sensor.co2_mh_z19_co2_value,736,2025-02-21 11:12:26.723000+00:00,False,718
sensor.co2_mh_z19_co2_value,733,2025-02-21 11:13:26.826000+00:00,False,719
sensor.co2_mh_z19_co2_value,757,2025-02-21 11:14:26.735000+00:00,False,724
sensor.co2_mh_z19_co2_value,749,2025-02-21 11:15:26.717000+00:00,False,727
sensor.co2_mh_z19_co2_value,736,2025-02-21 11:16:26.744000+00:00,False,728
sensor.co2_mh_z19_co2_value,749,2025-02-21 11:17:26.751000+00:00,False,731
sensor.co2_mh_z19_co2_value,747,2025-02-21 11:18:26.721000+00:00,False,733
sensor.co2_mh_z19_co2_value,725,2025-02-21 11:19:26.763000+00:00,False,732
sensor.co2_mh_z19_co2_value,726,2025-02-21 11:20:26.722000+00:00,False,731
sensor.co2_mh_z19_co2_value,746,2025-02-21 11:21:26.778000+00:00,False,733
sensor.co2_mh_z19_co2_value,750,2025-02-21 11:22:26.728000+00:00,False,735
sensor.co2_mh_z19_co2_value,745,2025-02-21 11:23:26.716000+00:00,False,736
sensor.co2_mh_z19_co2_value,632,2025-02-21 11:26:51.817000+00:00,True,723
sensor.co2_mh_z19_co2_value,520,2025-02-21 11:26:55.384000+00:00,True,698
sensor.co2_mh_z19_co2_value,407,2025-02-21 11:28:35.325000+00:00,False,662
sensor.co2_mh_z19_co2_value,408,2025-02-21 11:30:35.111000+00:00,False,630
sensor.co2_mh_z19_co2_value,406,2025-02-21 11:31:35.108000+00:00,False,602
sensor.co2_mh_z19_co2_value,407,2025-02-21 11:32:35.103000+00:00,False,578
sensor.co2_mh_z19_co2_value,408,2025-02-21 11:37:35.103000+00:00,False,556
sensor.co2_mh_z19_co2_value,409,2025-02-21 11:42:35.120000+00:00,False,538
sensor.co2_mh_z19_co2_value,410,2025-02-21 11:43:35.103000+00:00,False,522
sensor.co2_mh_z19_co2_value,443,2025-02-21 11:44:35.129000+00:00,False,512
sensor.co2_mh_z19_co2_value,506,2025-02-21 11:45:35.107000+00:00,False,511
sensor.co2_mh_z19_co2_value,522,2025-02-21 11:46:35.119000+00:00,False,513
sensor.co2_mh_z19_co2_value,500,2025-02-21 11:47:35.105000+00:00,False,511
sensor.co2_mh_z19_co2_value,489,2025-02-21 11:48:35.119000+00:00,False,508
sensor.co2_mh_z19_co2_value,450,2025-02-21 11:49:35.107000+00:00,False,501
sensor.co2_mh_z19_co2_value,416,2025-02-21 11:50:35.118000+00:00,False,490
sensor.co2_mh_z19_co2_value,410,2025-02-21 11:51:35.111000+00:00,False,480
sensor.co2_mh_z19_co2_value,409,2025-02-21 11:52:35.113000+00:00,False,471
sensor.co2_mh_z19_co2_value,408,2025-02-21 11:56:35.125000+00:00,False,463
sensor.co2_mh_z19_co2_value,407,2025-02-21 11:59:35.108000+00:00,False,456
sensor.co2_mh_z19_co2_value,408,2025-02-21 12:02:35.120000+00:00,False,450
sensor.co2_mh_z19_co2_value,407,2025-02-21 12:05:35.107000+00:00,False,445
sensor.co2_mh_z19_co2_value,480,2025-02-21 12:07:43.080000+00:00,True,449
sensor.co2_mh_z19_co2_value,552,2025-02-21 12:18:37.501000+00:00,True,462
sensor.co2_mh_z19_co2_value,625,2025-02-21 12:20:15.463000+00:00,False,483
sensor.co2_mh_z19_co2_value,624,2025-02-21 12:21:15.332000+00:00,False,500
sensor.co2_mh_z19_co2_value,625,2025-02-21 12:22:15.332000+00:00,False,516
sensor.co2_mh_z19_co2_value,626,2025-02-21 12:23:15.329000+00:00,False,530
sensor.co2_mh_z19_co2_value,640,2025-02-21 12:24:15.327000+00:00,False,543
sensor.co2_mh_z19_co2_value,659,2025-02-21 12:25:15.335000+00:00,False,558
sensor.co2_mh_z19_co2_value,671,2025-02-21 12:26:15.342000+00:00,False,572
sensor.co2_mh_z19_co2_value,675,2025-02-21 12:27:15.351000+00:00,False,585
sensor.co2_mh_z19_co2_value,668,2025-02-21 12:28:15.339000+00:00,False,595
sensor.co2_mh_z19_co2_value,666,2025-02-21 12:29:15.334000+00:00,False,604
sensor.co2_mh_z19_co2_value,690,2025-02-21 12:30:15.334000+00:00,False,615
sensor.co2_mh_z19_co2_value,667,2025-02-21 12:31:15.337000+00:00,False,621
sensor.co2_mh_z19_co2_value,670,2025-02-21 12:32:15.328000+00:00,False,627
sensor.co2_mh_z19_co2_value,687,2025-02-21 12:33:15.335000+00:00,False,635
sensor.co2_mh_z19_co2_value,697,2025-02-21 12:34:15.339000+00:00,False,643
sensor.co2_mh_z19_co2_value,680,2025-02-21 12:35:15.334000+00:00,False,647
sensor.co2_mh_z19_co2_value,685,2025-02-21 12:36:15.335000+00:00,False,652
sensor.co2_mh_z19_co2_value,695,2025-02-21 12:37:15.331000+00:00,False,657
sensor.co2_mh_z19_co2_value,685,2025-02-21 12:38:15.339000+00:00,False,661
sensor.co2_mh_z19_co2_value,686,2025-02-21 12:40:15.339000+00:00,False,664
sensor.co2_mh_z19_co2_value,716,2025-02-21 12:41:15.337000+00:00,False,670
sensor.co2_mh_z19_co2_value,728,2025-02-21 12:42:15.335000+00:00,False,678
sensor.co2_mh_z19_co2_value,691,2025-02-21 12:43:15.337000+00:00,False,679
sensor.co2_mh_z19_co2_value,678,2025-02-21 12:44:15.343000+00:00,False,679
sensor.co2_mh_z19_co2_value,708,2025-02-21 12:45:15.339000+00:00,False,683
sensor.co2_mh_z19_co2_value,721,2025-02-21 12:46:15.337000+00:00,False,688
sensor.co2_mh_z19_co2_value,722,2025-02-21 12:47:15.342000+00:00,False,692
sensor.co2_mh_z19_co2_value,691,2025-02-21 12:48:50.118000+00:00,True,692
sensor.co2_mh_z19_co2_value,659,2025-02-21 12:48:55.054000+00:00,True,688
sensor.co2_mh_z19_co2_value,628,2025-02-21 12:50:28.959000+00:00,False,680
sensor.co2_mh_z19_co2_value,627,2025-02-21 12:51:28.843000+00:00,False,674
sensor.co2_mh_z19_co2_value,586,2025-02-21 12:52:28.850000+00:00,False,663
sensor.co2_mh_z19_co2_value,635,2025-02-21 12:53:28.844000+00:00,False,659
sensor.co2_mh_z19_co2_value,677,2025-02-21 12:54:28.846000+00:00,False,661
sensor.co2_mh_z19_co2_value,647,2025-02-21 12:55:28.849000+00:00,False,660
